Data,Model,Degree,MSE,RMSE,MAE,MDAE,EVS,R2
All Districts,Poly,2,0.000574296,0.023932318,0.014450871,0.00891056,0.808126069,0.80807176
All Districts,Poly,3,0.000536722,0.023134564,0.013700292,0.007949411,0.820651548,0.820593976
All Districts,Poly,4,0.000518186,0.022733052,0.013369826,0.007601937,0.826788812,0.826727372
All Districts,Poly,5,0.000527823,0.022942968,0.013489877,0.007808803,0.823577499,0.823515471
Cluster 0,Poly,2,0.004294255,0.06539925,0.045275219,0.03072803,0.748032393,0.747475693
Cluster 0,Poly,3,0.00405084,0.063509804,0.043734427,0.029001937,0.762368099,0.761864127
Cluster 0,Poly,4,0.004356341,0.065878537,0.045437903,0.030376884,0.744408358,0.743791555
Cluster 0,Poly,5,0.010572202,0.100548825,0.060359618,0.038356414,0.379036993,0.377720814
Cluster 1,Poly,2,0.002003807,0.044707226,0.029071801,0.018439001,0.850313565,0.850139635
Cluster 1,Poly,3,0.001755642,0.041851198,0.026450875,0.015299806,0.868718166,0.868566676
Cluster 1,Poly,4,0.001699105,0.041178605,0.026449552,0.015745853,0.872778648,0.872636391
Cluster 1,Poly,5,0.001868701,0.043168659,0.027781262,0.016965974,0.860012332,0.859846379
Cluster 2,Poly,2,0.001377336,0.036915944,0.021292534,0.012000607,0.802666277,0.802369367
Cluster 2,Poly,3,0.001346252,0.036498959,0.021218957,0.012401829,0.807019116,0.806739602
Cluster 2,Poly,4,0.001383067,0.037012609,0.021563623,0.01250396,0.801247151,0.80096076
Cluster 2,Poly,5,0.00219926,0.046589714,0.025907334,0.014453828,0.681792292,0.681232814
Cluster 3,Poly,2,0.008205124,0.089825127,0.060156897,0.040480417,0.678469776,0.675884677
Cluster 3,Poly,3,0.010349076,0.100890745,0.067417919,0.043516374,0.59412219,0.590412837
Cluster 3,Poly,4,0.091887748,0.281074513,0.132111852,0.068093653,-2.758700384,-2.79465057
Cluster 3,Poly,5,66192.86834,181.4581348,42.08137209,5.686937222,-2841709.402,-2867349.637
Cluster 4,Poly,2,0.002980889,0.054537253,0.037101288,0.024642662,0.821859627,0.821530586
Cluster 4,Poly,3,0.002885347,0.053650244,0.036189529,0.023223483,0.827555308,0.827268644
Cluster 4,Poly,4,0.00302224,0.054908196,0.037104863,0.024220642,0.819382857,0.819076806
Cluster 4,Poly,5,0.004179621,0.063927063,0.041800905,0.027774557,0.750448328,0.75002018
Cluster 5,Poly,2,0.005081849,0.071155292,0.048120458,0.030110846,0.823731502,0.823265547
Cluster 5,Poly,3,0.004835426,0.069407372,0.046550678,0.028007597,0.832163825,0.831723042
Cluster 5,Poly,4,0.005447428,0.073683138,0.049948365,0.031615837,0.81093379,0.810403413
Cluster 5,Poly,5,0.017670672,0.130825141,0.075539241,0.044591479,0.382951401,0.381008972
Ariyalur,Poly,2,0.002979199,0.05395648,0.035628703,0.023605189,0.888708775,0.88750891
Ariyalur,Poly,3,0.003587069,0.059010874,0.037758376,0.023697003,0.866840511,0.865486491
Ariyalur,Poly,4,0.019309241,0.130169763,0.070446646,0.038950858,0.283127724,0.277434474
Ariyalur,Poly,5,1222.753373,29.19992959,9.652190431,1.581972055,-47456.13704,-47780.7399
Chennai,Poly,2,0.003911112,0.061522127,0.042276194,0.02815444,0.830483056,0.828874214
Chennai,Poly,3,0.004026741,0.062871007,0.040167788,0.023939628,0.827324968,0.825315561
Chennai,Poly,4,0.055756224,0.193290695,0.084633724,0.040794067,-1.595645283,-1.617163068
Chennai,Poly,5,4149.655711,50.08910046,15.29816343,2.669748141,-187415.0951,-188520.0666
Coimbatore,Poly,2,0.00392112,0.060963988,0.039930012,0.024231179,0.847985215,0.846706203
Coimbatore,Poly,3,0.004682265,0.066508307,0.043778426,0.027376737,0.819714443,0.818266626
Coimbatore,Poly,4,0.024737712,0.151572069,0.080376088,0.0425428,0.04224398,0.032154765
Coimbatore,Poly,5,398.3409436,17.31233395,5.043736763,0.882224813,-15348.60946,-15483.06184
Cuddalore,Poly,2,0.002007564,0.044272864,0.028712214,0.018667714,0.937531084,0.936893497
Cuddalore,Poly,3,0.002039689,0.044625044,0.02814577,0.017617167,0.936581689,0.935837026
Cuddalore,Poly,4,0.008407915,0.089211348,0.052206494,0.030748799,0.738477747,0.736069523
Cuddalore,Poly,5,68.94602971,7.635511871,2.682377155,0.641648441,-2259.762176,-2282.217684
Dharmapuri,Poly,2,0.005254013,0.071506601,0.049264974,0.030730532,0.802421139,0.800229212
Dharmapuri,Poly,3,0.006524641,0.078595224,0.053233309,0.032762229,0.754704285,0.752267046
Dharmapuri,Poly,4,0.039049616,0.184114467,0.10141968,0.056144119,-0.488058972,-0.501265888
Dharmapuri,Poly,5,836.8503682,26.23565735,8.373598899,1.597130563,-32286.19757,-32613.685
Dindigul,Poly,2,0.006396321,0.079420921,0.055870742,0.038739995,0.718252332,0.7160271
Dindigul,Poly,3,0.007484768,0.085763928,0.059788814,0.041137277,0.6689767,0.666388542
Dindigul,Poly,4,0.032400232,0.17336715,0.106415211,0.064276765,-0.426756726,-0.442803797
Dindigul,Poly,5,2560.214142,44.98351565,14.19287716,2.70189963,-115837.8493,-116886.747
Erode,Poly,2,0.004176214,0.064237492,0.043648359,0.027970994,0.840778475,0.839249916
Erode,Poly,3,0.00482075,0.068985472,0.046860486,0.030377551,0.815687498,0.814149685
Erode,Poly,4,0.025128522,0.153238167,0.08470277,0.04773817,0.028800835,0.020073805
Erode,Poly,5,832.8966899,23.92122398,7.030293528,1.222001243,-32946.36629,-33278.54046
Kancheepuram,Poly,2,0.002868078,0.053055818,0.033951332,0.020131033,0.894052457,0.89285698
Kancheepuram,Poly,3,0.003332388,0.057232269,0.036808349,0.021766699,0.876574753,0.875171116
Kancheepuram,Poly,4,0.014935261,0.119730894,0.067251544,0.036587343,0.438109525,0.432345101
Kancheepuram,Poly,5,110.5794248,9.520347753,3.542613579,0.945038833,-4061.640118,-4105.671968
Karur,Poly,2,0.011426587,0.106613439,0.077881834,0.057046491,0.698483548,0.696306026
Karur,Poly,3,0.012950096,0.11335039,0.082377643,0.058857014,0.658811711,0.656264069
Karur,Poly,4,0.09086717,0.291547533,0.169344199,0.101598262,-1.434680709,-1.460944084
Karur,Poly,5,31232.53715,152.044372,46.22206144,7.234736784,-847357.4031,-852015.9524
Madurai,Poly,2,0.007079467,0.083157002,0.054628558,0.035084505,0.638789392,0.6354299
Madurai,Poly,3,0.008309921,0.090236854,0.059445134,0.038417189,0.573253183,0.569135454
Madurai,Poly,4,0.052893922,0.221021702,0.114681343,0.06193535,-1.786794622,-1.818964651
Madurai,Poly,5,1935.677534,35.74764643,10.3995643,1.710712923,-106248.0066,-107060.26
Nagapattinam,Poly,2,0.003226828,0.056285995,0.037712386,0.024570868,0.866017959,0.864946688
Nagapattinam,Poly,3,0.00375249,0.060753624,0.041366762,0.027929437,0.843876157,0.84269502
Nagapattinam,Poly,4,0.034256605,0.174331104,0.104183849,0.064082675,-0.465337231,-0.474464955
Nagapattinam,Poly,5,631.2870124,18.39007508,5.751149048,1.341683719,-26383.55677,-26638.72906
Namakkal,Poly,2,0.007955028,0.08882663,0.064472147,0.0447015,0.782909873,0.780840142
Namakkal,Poly,3,0.00941088,0.096532499,0.069196692,0.048738884,0.743227895,0.741068307
Namakkal,Poly,4,0.107010337,0.294790348,0.148436964,0.081659632,-2.06318121,-2.08950018
Namakkal,Poly,5,2324.48665,42.28975212,12.47516869,2.220335397,-66730.82182,-67213.73131
Perambalur,Poly,2,0.004540875,0.066949812,0.045382275,0.028449153,0.805948729,0.804585712
Perambalur,Poly,3,0.00529628,0.072317907,0.050515359,0.034287433,0.773854269,0.772296096
Perambalur,Poly,4,0.027162341,0.159672466,0.093245972,0.052820829,-0.140174859,-0.151409811
Perambalur,Poly,5,795.4705703,24.95267833,8.340976574,1.54765288,-34980.61891,-35211.53389
Pudukkottai,Poly,2,0.004048643,0.063173212,0.04325882,0.028490059,0.834185605,0.832677264
Pudukkottai,Poly,3,0.004733299,0.068458209,0.046983299,0.030852526,0.805200337,0.803223374
Pudukkottai,Poly,4,0.03377835,0.178279627,0.095148869,0.051100576,-0.403796564,-0.419321924
Pudukkottai,Poly,5,427.3210013,17.5203434,5.767526154,1.000583667,-17909.46455,-18105.55038
Ramanathapuram,Poly,2,0.006527663,0.078311349,0.054517988,0.03737381,0.749670408,0.747513007
Ramanathapuram,Poly,3,0.006317445,0.078984817,0.054494195,0.036466331,0.753088737,0.750722262
Ramanathapuram,Poly,4,0.079944162,0.260881322,0.124650482,0.06046389,-2.228072361,-2.261402927
Ramanathapuram,Poly,5,5414.371485,61.54061065,18.22482499,2.665526222,-212783.4806,-214360.6364
Salem,Poly,2,0.007816273,0.087493854,0.062418415,0.04294712,0.779395445,0.777277263
Salem,Poly,3,0.008346182,0.090669479,0.063989954,0.043809372,0.764104005,0.761783064
Salem,Poly,4,0.130389349,0.321638161,0.171990765,0.098139556,-2.769801286,-2.812539414
Salem,Poly,5,937.0451183,27.39768638,8.730043332,1.673192484,-26445.94948,-26671.04651
Sivaganga,Poly,2,0.005665634,0.074690837,0.054670886,0.040926858,0.769262133,0.76763984
Sivaganga,Poly,3,0.005791996,0.075705212,0.053501719,0.036803022,0.763932476,0.761902372
Sivaganga,Poly,4,0.043421753,0.196428983,0.10929732,0.062940983,-0.821103231,-0.834988593
Sivaganga,Poly,5,1266.640373,30.85570048,9.256062687,1.543212818,-54936.08346,-55554.39315
Thanjavur,Poly,2,0.004336985,0.065382962,0.043621812,0.027371848,0.818958031,0.817217002
Thanjavur,Poly,3,0.004928482,0.069724294,0.047236709,0.029917096,0.793512619,0.791620781
Thanjavur,Poly,4,0.025731093,0.153319349,0.086445076,0.050503439,-0.067434982,-0.078721113
Thanjavur,Poly,5,674.7941754,21.86957223,7.09667759,1.477498328,-30895.92174,-31114.08985
Theni,Poly,2,0.005180334,0.07052416,0.043201977,0.025982713,0.735269756,0.732760163
Theni,Poly,3,0.006287381,0.07803025,0.048660512,0.029445528,0.673004443,0.669712996
Theni,Poly,4,0.047702487,0.207232206,0.103617256,0.052089014,-1.617856416,-1.646824112
Theni,Poly,5,3225.539398,46.63836934,12.32110183,1.839878984,-179917.4119,-182334.5741
The Nilgiris,Poly,2,0.002471066,0.048427698,0.02509508,0.011474662,0.851375949,0.849652795
The Nilgiris,Poly,3,0.004356477,0.056708211,0.031677267,0.01603612,0.725686718,0.723259908
The Nilgiris,Poly,4,0.026660334,0.155663317,0.070652854,0.029691273,-0.738872344,-0.751546473
The Nilgiris,Poly,5,609.6900753,19.96998463,5.259792314,0.773028078,-37463.51683,-37767.72771
Thiruvallur,Poly,2,0.003509548,0.058706345,0.038671771,0.024352428,0.869089316,0.86810076
Thiruvallur,Poly,3,0.003932039,0.062146204,0.040602262,0.024945983,0.853657572,0.852565185
Thiruvallur,Poly,4,0.014595897,0.117316526,0.06994909,0.040984236,0.451598344,0.446792113
Thiruvallur,Poly,5,122.4407771,10.25478696,3.903296156,0.934681923,-4683.957718,-4725.680647
Thiruvarur,Poly,2,0.004842691,0.068946674,0.046449359,0.030190908,0.792888961,0.790861106
Thiruvarur,Poly,3,0.00561009,0.074215528,0.050203308,0.033007203,0.759092232,0.756752004
Thiruvarur,Poly,4,0.065104756,0.20054764,0.096863024,0.05593826,-1.751735976,-1.773373515
Thiruvarur,Poly,5,7926.998613,38.24058741,8.239237198,1.472789875,-374626.5963,-377975.8682
Thoothukkudi,Poly,2,0.008554628,0.091856244,0.066355762,0.049942638,0.659633471,0.656918871
Thoothukkudi,Poly,3,0.009584565,0.097138225,0.066782252,0.045619681,0.618030588,0.614281072
Thoothukkudi,Poly,4,0.149527914,0.33431271,0.146062572,0.073552768,-5.366825978,-5.431444325
Thoothukkudi,Poly,5,6718.2902,65.03616462,15.95928672,2.136160341,-275332.4824,-277714.5859
Tiruchirapalli,Poly,2,0.005672173,0.075027529,0.054101211,0.037830762,0.781803141,0.779477301
Tiruchirapalli,Poly,3,0.008407052,0.089146157,0.061499339,0.04285312,0.679492653,0.675692675
Tiruchirapalli,Poly,4,0.027523498,0.162101473,0.09896814,0.062354006,-0.078989196,-0.089305808
Tiruchirapalli,Poly,5,861.9353137,26.84352878,9.381432262,1.8687661,-33590.49887,-33989.00337
Tirunelveli,Poly,2,0.008253404,0.089956767,0.06034927,0.040725368,0.678159852,0.675088836
Tirunelveli,Poly,3,0.010439601,0.101260512,0.067637719,0.043979892,0.592189123,0.588057903
Tirunelveli,Poly,4,0.105604674,0.295746583,0.134289603,0.067676284,-3.3394528,-3.374475617
Tirunelveli,Poly,5,63464.28613,178.9045279,42.52749411,5.590232533,-2662460.893,-2685765.937
Tiruvannamalai,Poly,2,0.00487923,0.069512646,0.046699004,0.029526928,0.853235344,0.851864978
Tiruvannamalai,Poly,3,0.005468822,0.073614795,0.049707069,0.031198051,0.835232103,0.833728231
Tiruvannamalai,Poly,4,0.036235724,0.18270675,0.107235247,0.063075358,-0.097350209,-0.11094755
Tiruvannamalai,Poly,5,367.6168084,17.73303654,6.356243991,1.490832014,-11289.27377,-11423.15208
Vellore,Poly,2,0.008906071,0.09353292,0.067314415,0.047828698,0.733836925,0.731344245
Vellore,Poly,3,0.007714656,0.087387962,0.06105253,0.040257598,0.769622596,0.76759684
Vellore,Poly,4,0.043230696,0.197180344,0.112945239,0.064862527,-0.314032946,-0.32663046
Vellore,Poly,5,626.720072,22.47298708,7.427291753,1.59604693,-19432.38217,-19635.59919
Viluppuram,Poly,2,0.001984407,0.044197909,0.030086874,0.01963583,0.938750256,0.938043505
Viluppuram,Poly,3,0.002260122,0.046851502,0.031212427,0.019840929,0.930529931,0.929820068
Viluppuram,Poly,4,0.010069811,0.097050507,0.056203714,0.032420363,0.685730057,0.682994305
Viluppuram,Poly,5,22.83044039,4.375829266,1.578952395,0.435284669,-729.4642937,-736.2449449
Virudhunagar,Poly,2,0.008547637,0.091426353,0.060126209,0.039830581,0.655618576,0.65266967
Virudhunagar,Poly,3,0.009808403,0.098012091,0.064352288,0.040616285,0.60350306,0.600042219
Virudhunagar,Poly,4,0.084388822,0.276006118,0.135327211,0.070356018,-2.465591206,-2.497248675
Virudhunagar,Poly,5,1866.130504,34.98481416,9.5199248,1.402661682,-77835.69361,-78510.54129
All Districts,DTR,2,0.000979712,0.031258429,0.019190542,0.01109827,0.673068216,0.672986543
All Districts,DTR,3,0.000742587,0.027222608,0.016007812,0.00912997,0.751839182,0.751781025
All Districts,DTR,4,0.000670538,0.025866879,0.014936778,0.008332109,0.775887897,0.775829412
All Districts,DTR,5,0.000639365,0.025259172,0.01447716,0.008055924,0.786244339,0.786190809
All Districts,DTR,6,0.000634789,0.02516354,0.014246718,0.00790419,0.787775489,0.787718572
All Districts,DTR,7,0.000648538,0.025423429,0.014189262,0.007894835,0.783341643,0.783286062
Cluster 0,DTR,2,0.005565693,0.074493292,0.053364255,0.036341015,0.67285652,0.672200748
Cluster 0,DTR,3,0.004773302,0.068980612,0.047828,0.032546953,0.719273029,0.718710979
Cluster 0,DTR,4,0.004663518,0.068176673,0.046284303,0.030873751,0.725688368,0.725115764
Cluster 0,DTR,5,0.004612311,0.067781249,0.045400281,0.029891685,0.728729352,0.728150628
Cluster 0,DTR,6,0.004752241,0.06879064,0.045591056,0.029549005,0.720423359,0.719821526
Cluster 0,DTR,7,0.004994021,0.070490814,0.046273047,0.029576369,0.706158629,0.705573612
Cluster 1,DTR,2,0.003667111,0.060482061,0.039004779,0.02309666,0.726393183,0.726074072
Cluster 1,DTR,3,0.00298756,0.054594571,0.033374287,0.019210558,0.776859042,0.776623683
Cluster 1,DTR,4,0.002496487,0.049909953,0.030158766,0.016938699,0.813467422,0.813264706
Cluster 1,DTR,5,0.002239129,0.047266705,0.028817365,0.01653183,0.832601012,0.832423765
Cluster 1,DTR,6,0.002132813,0.046133484,0.028151302,0.016072224,0.840434812,0.840254957
Cluster 1,DTR,7,0.002145392,0.046255994,0.027976909,0.015945847,0.839467632,0.839308679
Cluster 2,DTR,2,0.002070262,0.04530313,0.027983421,0.016650519,0.703997764,0.703599383
Cluster 2,DTR,3,0.001675195,0.040779462,0.023897982,0.014005905,0.759942637,0.759552958
Cluster 2,DTR,4,0.001579178,0.039603424,0.022538218,0.012550051,0.773264868,0.772896556
Cluster 2,DTR,5,0.001596952,0.039757327,0.022155125,0.012247879,0.771134876,0.770783152
Cluster 2,DTR,6,0.001643639,0.040315462,0.022006411,0.012039942,0.764130706,0.763806366
Cluster 2,DTR,7,0.001818305,0.042389904,0.022568014,0.011960835,0.739343961,0.738973532
Cluster 3,DTR,2,0.010294572,0.10085099,0.072021458,0.048964724,0.598657945,0.594251417
Cluster 3,DTR,3,0.009742726,0.098022458,0.066970376,0.043564505,0.619974506,0.616281518
Cluster 3,DTR,4,0.009800729,0.098259272,0.064800078,0.041592708,0.616481943,0.613040655
Cluster 3,DTR,5,0.010281542,0.100602167,0.065179077,0.039794599,0.596543247,0.592941487
Cluster 3,DTR,6,0.010702515,0.102392861,0.065975866,0.040544246,0.580636693,0.576809592
Cluster 3,DTR,7,0.011429337,0.105969969,0.068768342,0.042646473,0.549418703,0.545300634
Cluster 4,DTR,2,0.004740072,0.068763419,0.047754611,0.034067163,0.717069912,0.71669798
Cluster 4,DTR,3,0.003848292,0.061953259,0.041272372,0.026499793,0.770244781,0.769911166
Cluster 4,DTR,4,0.003483114,0.058950991,0.038556191,0.024208258,0.791858096,0.791566583
Cluster 4,DTR,5,0.00337666,0.058044809,0.037871033,0.023882763,0.798133265,0.797843156
Cluster 4,DTR,6,0.003428235,0.058485524,0.037903991,0.023473776,0.794903621,0.794590732
Cluster 4,DTR,7,0.003563538,0.059623314,0.038215805,0.023509146,0.786847182,0.786521537
Cluster 5,DTR,2,0.007815131,0.08824588,0.061579753,0.036563991,0.730075613,0.728826382
Cluster 5,DTR,3,0.006469163,0.080288901,0.05351888,0.033582355,0.776215378,0.775237711
Cluster 5,DTR,4,0.005761678,0.075775808,0.049569697,0.030113296,0.800643944,0.799863644
Cluster 5,DTR,5,0.005650627,0.075036781,0.048721905,0.029302894,0.804439922,0.803740726
Cluster 5,DTR,6,0.005893157,0.076605092,0.049165958,0.029281743,0.796085739,0.795376109
Cluster 5,DTR,7,0.006252016,0.078895305,0.050012511,0.029404142,0.783500776,0.782743882
Ariyalur,DTR,2,0.005988209,0.076755355,0.052688592,0.03755315,0.778717551,0.776252604
Ariyalur,DTR,3,0.004690332,0.067762636,0.043929991,0.027508945,0.82700502,0.825125308
Ariyalur,DTR,4,0.00413609,0.063737123,0.040852775,0.02458268,0.846317086,0.844736668
Ariyalur,DTR,5,0.00393061,0.062146621,0.039460795,0.02367387,0.853962987,0.85265942
Ariyalur,DTR,6,0.003974128,0.062507232,0.03888622,0.023079224,0.852033894,0.850673018
Ariyalur,DTR,7,0.004168873,0.063991133,0.039578595,0.022870982,0.843956126,0.842536669
Chennai,DTR,2,0.005686893,0.07472203,0.048405245,0.025206789,0.756896819,0.755194739
Chennai,DTR,3,0.004258907,0.064627981,0.039328522,0.019798725,0.81697821,0.815583583
Chennai,DTR,4,0.004023148,0.062818882,0.037095582,0.01833092,0.827800044,0.826397472
Chennai,DTR,5,0.003883737,0.06161121,0.035961078,0.018065781,0.834175584,0.832976947
Chennai,DTR,6,0.004186639,0.063854127,0.036756535,0.018447419,0.821064239,0.819933085
Chennai,DTR,7,0.00437777,0.065332509,0.037363079,0.018410472,0.813190281,0.811996003
Coimbatore,DTR,2,0.006077931,0.077592965,0.053851959,0.031282213,0.765617183,0.763611852
Coimbatore,DTR,3,0.004720667,0.068311923,0.044479372,0.027111016,0.817755784,0.816037862
Coimbatore,DTR,4,0.004442041,0.066122932,0.041567725,0.023754183,0.828864221,0.827157556
Coimbatore,DTR,5,0.00455466,0.066913471,0.041756667,0.023976227,0.823955365,0.822278548
Coimbatore,DTR,6,0.004814016,0.068720621,0.042108935,0.023007349,0.813926461,0.811967327
Coimbatore,DTR,7,0.005209634,0.071517504,0.043857201,0.023731656,0.798455382,0.796391079
Cuddalore,DTR,2,0.005720798,0.075266335,0.052301331,0.035753913,0.820474971,0.819314277
Cuddalore,DTR,3,0.003873491,0.061820914,0.040848734,0.024988929,0.877829283,0.876888903
Cuddalore,DTR,4,0.003015672,0.054526339,0.035145051,0.021459187,0.904711412,0.903961915
Cuddalore,DTR,5,0.002976818,0.054152244,0.033052888,0.018271144,0.906351613,0.905436582
Cuddalore,DTR,6,0.003039212,0.054598199,0.032219321,0.017601029,0.904726413,0.903681098
Cuddalore,DTR,7,0.003312583,0.057030935,0.033219914,0.017173208,0.895842692,0.894753357
Dharmapuri,DTR,2,0.007103067,0.083870299,0.059717411,0.036508502,0.734682824,0.732141902
Dharmapuri,DTR,3,0.006000139,0.077097666,0.052642556,0.034936331,0.774914115,0.772838717
Dharmapuri,DTR,4,0.006069664,0.077553947,0.051136029,0.031824866,0.772633704,0.770360156
Dharmapuri,DTR,5,0.006121691,0.077805966,0.050936669,0.030968623,0.7704942,0.76833684
Dharmapuri,DTR,6,0.006369505,0.079340707,0.051250009,0.029935789,0.761327102,0.759112916
Dharmapuri,DTR,7,0.006800512,0.081988571,0.052710264,0.029814877,0.74516594,0.742880712
Dindigul,DTR,2,0.008237198,0.090243987,0.063813892,0.043644964,0.637341512,0.633377216
Dindigul,DTR,3,0.007144644,0.083999113,0.057834025,0.040177274,0.684838971,0.681394419
Dindigul,DTR,4,0.007551639,0.086357702,0.058609269,0.039886711,0.667173161,0.663527932
Dindigul,DTR,5,0.007949461,0.088546692,0.059598302,0.040394775,0.648393825,0.644508903
Dindigul,DTR,6,0.008475605,0.091365548,0.060834917,0.040147671,0.62465252,0.620433231
Dindigul,DTR,7,0.009219386,0.095208564,0.062667468,0.040455415,0.592715036,0.588107104
Erode,DTR,2,0.006160293,0.078029809,0.056462494,0.036082816,0.766941552,0.764887287
Erode,DTR,3,0.005297118,0.072408943,0.049446062,0.033347744,0.799045633,0.797170025
Erode,DTR,4,0.005332914,0.072650008,0.048047345,0.030664055,0.797483927,0.795458055
Erode,DTR,5,0.00542793,0.073111121,0.047518019,0.02989061,0.794313246,0.792157477
Erode,DTR,6,0.00591846,0.076166186,0.048483235,0.029576351,0.775565707,0.773355589
Erode,DTR,7,0.006419024,0.079338418,0.050358267,0.030590175,0.756077465,0.753937583
Kancheepuram,DTR,2,0.006406239,0.079449172,0.053054527,0.031637657,0.766441449,0.764074246
Kancheepuram,DTR,3,0.005163461,0.071280505,0.04349064,0.02458842,0.81029655,0.808580725
Kancheepuram,DTR,4,0.004415144,0.065912714,0.039007913,0.021352864,0.836311071,0.834824555
Kancheepuram,DTR,5,0.004247507,0.064362239,0.037253265,0.019739129,0.841724778,0.840377695
Kancheepuram,DTR,6,0.004545578,0.066474337,0.038172372,0.01930514,0.830213307,0.828709568
Kancheepuram,DTR,7,0.004908442,0.0692071,0.039643275,0.019789216,0.816506815,0.814912152
Karur,DTR,2,0.014441701,0.119794986,0.087374743,0.058004022,0.620849804,0.617690822
Karur,DTR,3,0.013411981,0.115426398,0.082110727,0.05569434,0.647714573,0.645000441
Karur,DTR,4,0.012782832,0.112658874,0.078634646,0.052354478,0.664093099,0.661445973
Karur,DTR,5,0.013107299,0.114059874,0.078934041,0.052035371,0.655004687,0.652100092
Karur,DTR,6,0.013945444,0.11761162,0.080966704,0.053058412,0.632724059,0.629504628
Karur,DTR,7,0.015124326,0.122440922,0.083792269,0.054201318,0.601649172,0.598111555
Madurai,DTR,2,0.008312288,0.090258546,0.062154025,0.040231441,0.574249168,0.570392695
Madurai,DTR,3,0.008055016,0.08859395,0.057885594,0.038071497,0.587750429,0.584206466
Madurai,DTR,4,0.008483522,0.090995449,0.057836075,0.037337285,0.565055566,0.561107359
Madurai,DTR,5,0.009173456,0.094502619,0.058652251,0.036429316,0.529111181,0.524926694
Madurai,DTR,6,0.009766458,0.097392432,0.060020419,0.03669981,0.499711863,0.495162408
Madurai,DTR,7,0.010691286,0.102027413,0.062549242,0.038334666,0.451569605,0.446676156
Nagapattinam,DTR,2,0.005965112,0.076785644,0.053644245,0.038666644,0.755502923,0.753424956
Nagapattinam,DTR,3,0.004816131,0.068940747,0.04516733,0.026738486,0.802555117,0.800891941
Nagapattinam,DTR,4,0.004267032,0.064834252,0.041773592,0.026029881,0.824650965,0.823211165
Nagapattinam,DTR,5,0.004190826,0.064250033,0.039939546,0.023823854,0.826638794,0.825128136
Nagapattinam,DTR,6,0.004529783,0.066679972,0.040912131,0.024073291,0.813047342,0.811286003
Nagapattinam,DTR,7,0.004821878,0.068792244,0.042196169,0.02456907,0.801154941,0.799243943
Namakkal,DTR,2,0.011330975,0.106165159,0.078794142,0.053801086,0.691154716,0.688466622
Namakkal,DTR,3,0.008598764,0.092417244,0.06717589,0.04899357,0.765042243,0.763117641
Namakkal,DTR,4,0.008471024,0.091761424,0.06563867,0.047457339,0.768334618,0.766601314
Namakkal,DTR,5,0.008886845,0.09397422,0.066129778,0.046462477,0.756992183,0.755134498
Namakkal,DTR,6,0.009540425,0.097345271,0.067711706,0.047393001,0.738493961,0.736505332
Namakkal,DTR,7,0.010431114,0.101701918,0.070234897,0.049103772,0.713870504,0.711365726
Perambalur,DTR,2,0.007023509,0.083294347,0.060681402,0.043582648,0.702906675,0.699231533
Perambalur,DTR,3,0.005405851,0.073078572,0.050831138,0.034236817,0.77023009,0.767699923
Perambalur,DTR,4,0.005247407,0.071986742,0.048168814,0.032099528,0.776126281,0.773464342
Perambalur,DTR,5,0.005314818,0.072397338,0.047834147,0.031570256,0.773505416,0.770927513
Perambalur,DTR,6,0.005804683,0.075699915,0.049380969,0.031919121,0.752298656,0.749451089
Perambalur,DTR,7,0.006322822,0.07902732,0.051184778,0.032454001,0.730322763,0.727171322
Pudukkottai,DTR,2,0.005901119,0.076314687,0.054580859,0.03865919,0.75836449,0.755617136
Pudukkottai,DTR,3,0.005108637,0.070921688,0.047838897,0.029652506,0.791701283,0.789177033
Pudukkottai,DTR,4,0.005015877,0.070217705,0.046196319,0.02797814,0.794909097,0.792548559
Pudukkottai,DTR,5,0.005330688,0.072356249,0.046645958,0.027881479,0.78000488,0.777653902
Pudukkottai,DTR,6,0.005785935,0.075338015,0.048291055,0.028647021,0.761696551,0.759000481
Pudukkottai,DTR,7,0.006416378,0.079366773,0.050470462,0.029361641,0.736075678,0.732953096
Ramanathapuram,DTR,2,0.007580252,0.086627917,0.060459096,0.038052907,0.705608562,0.702991264
Ramanathapuram,DTR,3,0.006676789,0.081258835,0.054723295,0.035256888,0.740793201,0.737934998
Ramanathapuram,DTR,4,0.006487288,0.080069194,0.052171592,0.031177741,0.748465773,0.745681366
Ramanathapuram,DTR,5,0.006597627,0.080624942,0.051193193,0.03113255,0.743718005,0.741238019
Ramanathapuram,DTR,6,0.006968241,0.082903094,0.052412487,0.031568079,0.729752827,0.727094333
Ramanathapuram,DTR,7,0.007486819,0.085976562,0.054322786,0.032641944,0.708560675,0.705705232
Salem,DTR,2,0.01071954,0.103109879,0.075308714,0.048607309,0.699058977,0.69672097
Salem,DTR,3,0.008357567,0.091030571,0.063533538,0.044634725,0.764407685,0.762717869
Salem,DTR,4,0.008428376,0.091342476,0.061539425,0.041499362,0.762341472,0.760914928
Salem,DTR,5,0.008649987,0.092487126,0.061488651,0.040616058,0.755621066,0.753991276
Salem,DTR,6,0.00925068,0.095508636,0.062697448,0.040741525,0.739184828,0.737415525
Salem,DTR,7,0.010144519,0.099989985,0.065243829,0.041376021,0.713629356,0.711844283
Sivaganga,DTR,2,0.006562497,0.080608382,0.05784941,0.042857539,0.734298841,0.732033831
Sivaganga,DTR,3,0.00545384,0.073426638,0.051454163,0.034256133,0.779166446,0.777384978
Sivaganga,DTR,4,0.005646333,0.074636439,0.050219391,0.032206038,0.770855441,0.768907109
Sivaganga,DTR,5,0.005948719,0.076588048,0.05077176,0.032218382,0.758690777,0.756679843
Sivaganga,DTR,6,0.006466562,0.079812365,0.052164424,0.03190656,0.737498931,0.735276315
Sivaganga,DTR,7,0.006953412,0.082750289,0.053800816,0.03253558,0.71881531,0.716421094
Thanjavur,DTR,2,0.006380179,0.079264841,0.054987147,0.039319156,0.734137901,0.731351506
Thanjavur,DTR,3,0.005461927,0.073143794,0.048281336,0.030424363,0.773433687,0.771040238
Thanjavur,DTR,4,0.005405289,0.072694351,0.046363013,0.027616754,0.77571014,0.773594612
Thanjavur,DTR,5,0.005467898,0.073113385,0.046227399,0.027609059,0.771636438,0.769395234
Thanjavur,DTR,6,0.005974407,0.076450991,0.047785529,0.027615836,0.750442069,0.747899568
Thanjavur,DTR,7,0.006552472,0.080065564,0.049628803,0.028444223,0.726308776,0.723098217
Theni,DTR,2,0.006247974,0.077907862,0.05109496,0.030757057,0.677112415,0.673905226
Theni,DTR,3,0.005831113,0.075270693,0.047122886,0.028483101,0.698021705,0.694888325
Theni,DTR,4,0.006120184,0.07702995,0.046416221,0.027062056,0.680810193,0.677600775
Theni,DTR,5,0.007157998,0.082990601,0.047766393,0.02720822,0.62573393,0.622234251
Theni,DTR,6,0.007998641,0.087902288,0.049536082,0.027078128,0.579930721,0.57643108
Theni,DTR,7,0.008933926,0.093129733,0.051864289,0.027741231,0.528505821,0.524159142
The Nilgiris,DTR,2,0.004137487,0.063205596,0.038286372,0.01929235,0.749277855,0.747390604
The Nilgiris,DTR,3,0.003578438,0.058264277,0.030869252,0.013768848,0.785760428,0.784228396
The Nilgiris,DTR,4,0.003320792,0.055812278,0.027961598,0.011654309,0.803112001,0.801764955
The Nilgiris,DTR,5,0.00358984,0.058159809,0.02808505,0.01105062,0.784297232,0.782491274
The Nilgiris,DTR,6,0.003840144,0.060296983,0.028796534,0.010860334,0.768125288,0.765829819
The Nilgiris,DTR,7,0.00420803,0.063582622,0.029967303,0.010985604,0.742515859,0.739771245
Thiruvallur,DTR,2,0.007505704,0.085837671,0.056828262,0.030850901,0.722708957,0.719565454
Thiruvallur,DTR,3,0.00602826,0.076931747,0.048407291,0.026916347,0.774562204,0.77218579
Thiruvallur,DTR,4,0.004906332,0.069317883,0.042274067,0.02254776,0.816273492,0.813899149
Thiruvallur,DTR,5,0.005030692,0.070214111,0.042388235,0.022861133,0.809954902,0.807481055
Thiruvallur,DTR,6,0.005188,0.071322379,0.042632247,0.022864286,0.803929285,0.801273496
Thiruvallur,DTR,7,0.005542388,0.073611703,0.043732549,0.023588157,0.791448614,0.788839568
Thiruvarur,DTR,2,0.007170016,0.084270474,0.058360258,0.037718095,0.693678679,0.691253295
Thiruvarur,DTR,3,0.006176671,0.078119897,0.051643595,0.031923047,0.736566413,0.73440673
Thiruvarur,DTR,4,0.005811317,0.075746272,0.049149455,0.030669329,0.751934129,0.749855737
Thiruvarur,DTR,5,0.005992846,0.076954428,0.049863608,0.030552467,0.742787941,0.74081175
Thiruvarur,DTR,6,0.006463792,0.079864728,0.051067858,0.030491407,0.723190866,0.721052162
Thiruvarur,DTR,7,0.007126981,0.08381518,0.053026353,0.030911991,0.694612357,0.692246068
Thoothukkudi,DTR,2,0.010326123,0.101116958,0.073956737,0.053780523,0.588102826,0.584386941
Thoothukkudi,DTR,3,0.009385059,0.096353393,0.067690828,0.048263187,0.625930302,0.623099934
Thoothukkudi,DTR,4,0.008858023,0.093395756,0.064832959,0.045851736,0.648448772,0.645872081
Thoothukkudi,DTR,5,0.009042059,0.094427081,0.063655979,0.042362365,0.6397588,0.637039149
Thoothukkudi,DTR,6,0.009822408,0.098342594,0.064747343,0.041069155,0.607797756,0.605030895
Thoothukkudi,DTR,7,0.010610336,0.102239127,0.067078398,0.041918326,0.575319832,0.572133449
Tiruchirapalli,DTR,2,0.008064635,0.089439304,0.066267282,0.046651371,0.689879919,0.686447542
Tiruchirapalli,DTR,3,0.006612851,0.080944496,0.058037644,0.041769775,0.74506647,0.742526756
Tiruchirapalli,DTR,4,0.006649512,0.081161165,0.056305537,0.039848008,0.743464488,0.740961889
Tiruchirapalli,DTR,5,0.006702944,0.081461432,0.055844553,0.038338993,0.741177005,0.738881658
Tiruchirapalli,DTR,6,0.007148726,0.084032226,0.057047044,0.038961278,0.724067271,0.721529233
Tiruchirapalli,DTR,7,0.007699857,0.087300144,0.059200395,0.039777886,0.701969737,0.699525429
Tirunelveli,DTR,2,0.010214722,0.100572084,0.071749439,0.048543486,0.599646821,0.596878958
Tirunelveli,DTR,3,0.009722987,0.098087814,0.066868288,0.043106625,0.61832643,0.615585043
Tirunelveli,DTR,4,0.009898805,0.098907903,0.064790211,0.040957994,0.61173693,0.609184901
Tirunelveli,DTR,5,0.010341585,0.100847514,0.065015763,0.039291597,0.593566274,0.590650396
Tirunelveli,DTR,6,0.011172188,0.104854085,0.066387029,0.040605998,0.560960134,0.557689694
Tirunelveli,DTR,7,0.012240832,0.109633585,0.069435316,0.041850448,0.519205772,0.515395143
Tiruvannamalai,DTR,2,0.009230261,0.095605858,0.065250093,0.039350728,0.723509931,0.721053896
Tiruvannamalai,DTR,3,0.007604364,0.086763477,0.056317414,0.034625644,0.772435325,0.77042399
Tiruvannamalai,DTR,4,0.006184516,0.078247418,0.049812038,0.029435288,0.814783514,0.813089072
Tiruvannamalai,DTR,5,0.005968842,0.076822529,0.048906783,0.028530296,0.820703338,0.819122635
Tiruvannamalai,DTR,6,0.006570699,0.080503975,0.050617557,0.02828073,0.801898989,0.800218782
Tiruvannamalai,DTR,7,0.007299736,0.084866168,0.053428475,0.030203719,0.779253494,0.777447115
Vellore,DTR,2,0.009071866,0.094632574,0.067311155,0.041240527,0.732438057,0.730128587
Vellore,DTR,3,0.007936413,0.088535514,0.059687222,0.037765634,0.76537564,0.763358926
Vellore,DTR,4,0.007457883,0.085872502,0.056432283,0.035195965,0.778499609,0.776819909
Vellore,DTR,5,0.007919311,0.088485132,0.057177726,0.03401843,0.764395283,0.7625831
Vellore,DTR,6,0.008442008,0.091382652,0.058649994,0.033146904,0.748694346,0.746793855
Vellore,DTR,7,0.009175778,0.095209505,0.060733459,0.034102707,0.726112218,0.724550973
Viluppuram,DTR,2,0.0058202,0.075844342,0.053398744,0.03649023,0.818804864,0.816542293
Viluppuram,DTR,3,0.003982091,0.062611944,0.04105387,0.025164584,0.876447597,0.874890895
Viluppuram,DTR,4,0.003086152,0.055078385,0.036104445,0.022980338,0.903901651,0.902819183
Viluppuram,DTR,5,0.00285208,0.052982449,0.034027327,0.021426371,0.910628598,0.909678444
Viluppuram,DTR,6,0.002877639,0.053151875,0.033525128,0.02063489,0.910041455,0.909090859
Viluppuram,DTR,7,0.003021611,0.054484142,0.0341396,0.020477753,0.905652157,0.904661937
Virudhunagar,DTR,2,0.010918186,0.103812698,0.072058512,0.047916567,0.5585544,0.555040235
Virudhunagar,DTR,3,0.010013454,0.099254686,0.06685241,0.045742998,0.596345038,0.592783708
Virudhunagar,DTR,4,0.010450243,0.101274642,0.066085855,0.042901897,0.580130778,0.576970493
Virudhunagar,DTR,5,0.011002647,0.103701651,0.066165109,0.041173453,0.558998215,0.555636617
Virudhunagar,DTR,6,0.011969828,0.108313712,0.068077951,0.042170829,0.516569896,0.512581025
Virudhunagar,DTR,7,0.013060502,0.113054084,0.070872867,0.042805826,0.472622748,0.467532777
All Districts,SVR,linear,0.001511631,0.038836993,0.031099704,0.027927937,0.696289746,0.493993565
All Districts,SVR,poly,0.004113899,0.064134247,0.057445659,0.057694583,0.582448353,-0.382870171
All Districts,SVR,rbf,0.002735687,0.0522895,0.046334522,0.046570512,0.684517978,0.081442931
All Districts,SVR,sigmoid,0.001555829,0.03939874,0.03302229,0.031773786,0.747549571,0.479499229
Cluster 0,SVR,linear,0.004828338,0.069389423,0.052590005,0.041925974,0.734303666,0.716197966
Cluster 0,SVR,poly,0.00679496,0.082366496,0.067467332,0.064095486,0.635896276,0.600130735
Cluster 0,SVR,rbf,0.005049896,0.070975821,0.055701849,0.046863955,0.729215731,0.703069717
Cluster 0,SVR,sigmoid,0.707090016,0.839222089,0.511501176,0.308357417,-38.34894092,-40.84154977
Cluster 1,SVR,linear,0.003040096,0.055095282,0.040112048,0.031156036,0.772786757,0.772474194
Cluster 1,SVR,poly,0.005351857,0.07310257,0.056477109,0.049920512,0.639841735,0.599531202
Cluster 1,SVR,rbf,0.002588182,0.050844449,0.037167202,0.029339263,0.806359414,0.806105079
Cluster 1,SVR,sigmoid,6.173929411,2.483411822,1.776884781,1.256545159,-448.0281929,-463.4408558
Cluster 2,SVR,linear,0.001795747,0.04227277,0.028633178,0.021476825,0.7534033,0.741704364
Cluster 2,SVR,poly,0.003283403,0.057236109,0.047845525,0.048950739,0.709374428,0.525925013
Cluster 2,SVR,rbf,0.001958801,0.044159082,0.032221859,0.026687283,0.766021229,0.718306269
Cluster 2,SVR,sigmoid,0.002117269,0.045909565,0.032931842,0.02748472,0.711330036,0.695159843
Cluster 3,SVR,linear,0.008517078,0.091761998,0.0647758,0.046982187,0.669993535,0.663904593
Cluster 3,SVR,poly,0.011841606,0.108399535,0.082803114,0.070971927,0.539100974,0.532739541
Cluster 3,SVR,rbf,0.008490281,0.091622812,0.065541389,0.048455081,0.673100185,0.665515682
Cluster 3,SVR,sigmoid,0.036037872,0.189302022,0.146035089,0.122082123,-0.430129727,-0.444440276
Cluster 4,SVR,linear,0.003735411,0.061044307,0.043432619,0.031110365,0.777812561,0.776547791
Cluster 4,SVR,poly,0.005902212,0.076757814,0.060529392,0.054555748,0.688626459,0.646827208
Cluster 4,SVR,rbf,0.003631574,0.060202175,0.045224914,0.036420186,0.799333453,0.782533346
Cluster 4,SVR,sigmoid,2.903663126,1.703265032,1.262531062,0.984888287,-169.4279514,-173.7393856
Cluster 5,SVR,linear,0.006464673,0.080261533,0.058543083,0.046074661,0.777691595,0.775887349
Cluster 5,SVR,poly,0.009929307,0.099423182,0.076434633,0.069873941,0.669122396,0.656647364
Cluster 5,SVR,rbf,0.005772443,0.0758393,0.054577976,0.041735159,0.800626963,0.799797977
Cluster 5,SVR,sigmoid,1.91547943,1.383266103,1.037593866,0.752002527,-65.18667801,-65.92634743
Ariyalur,SVR,linear,0.004032257,0.0630349,0.045614809,0.035045709,0.851590901,0.849112149
Ariyalur,SVR,poly,0.008268801,0.090059451,0.066857038,0.057236556,0.708505633,0.693220253
Ariyalur,SVR,rbf,0.004042499,0.063070155,0.045962578,0.036766044,0.859079425,0.849152807
Ariyalur,SVR,sigmoid,0.232486062,0.481001321,0.362089646,0.277367292,-7.729175664,-7.940643077
Chennai,SVR,linear,0.004612647,0.067421113,0.050039705,0.04059778,0.805307645,0.800245978
Chennai,SVR,poly,0.010276781,0.100369228,0.072692406,0.059228999,0.575803128,0.563705372
Chennai,SVR,rbf,0.003785643,0.060927659,0.042412129,0.031005854,0.839475045,0.837239818
Chennai,SVR,sigmoid,0.263786519,0.511907416,0.353240748,0.241441767,-10.4075399,-10.92885563
Coimbatore,SVR,linear,0.004375066,0.06587709,0.048552861,0.038418464,0.831097226,0.828795454
Coimbatore,SVR,poly,0.006702065,0.081638634,0.066211556,0.062558908,0.774765909,0.738291407
Coimbatore,SVR,rbf,0.00433825,0.065549809,0.046405553,0.032549088,0.842141674,0.831273079
Coimbatore,SVR,sigmoid,0.005038027,0.07066947,0.051947861,0.041756713,0.805799931,0.803933828
Cuddalore,SVR,linear,0.003818105,0.061485409,0.046584327,0.038587734,0.881078428,0.879011182
Cuddalore,SVR,poly,0.009598619,0.097110519,0.069203987,0.053963834,0.706808563,0.701308409
Cuddalore,SVR,rbf,0.003036003,0.054698564,0.038950928,0.028360546,0.906964238,0.904297165
Cuddalore,SVR,sigmoid,0.299055897,0.545213176,0.398286045,0.301338931,-8.306158894,-8.663127524
Dharmapuri,SVR,linear,0.005759233,0.075579259,0.054424116,0.037929851,0.782676364,0.780080168
Dharmapuri,SVR,poly,0.009329847,0.096198841,0.076914775,0.071087584,0.668424787,0.647069925
Dharmapuri,SVR,rbf,0.00565584,0.074881451,0.054716246,0.039964489,0.792243902,0.784204603
Dharmapuri,SVR,sigmoid,0.210993279,0.373538139,0.273330901,0.18457772,-6.98581419,-7.344863901
Dindigul,SVR,linear,0.006859767,0.08232172,0.062185449,0.049257732,0.709610489,0.695086915
Dindigul,SVR,poly,0.009708068,0.098116211,0.078268822,0.07171802,0.582171054,0.567871385
Dindigul,SVR,rbf,0.007312936,0.085043646,0.066314939,0.055137273,0.696344352,0.674907706
Dindigul,SVR,sigmoid,0.032086969,0.150223355,0.11444926,0.092221425,-0.365378863,-0.422345254
Erode,SVR,linear,0.004888122,0.069579151,0.049730684,0.035406479,0.816585531,0.812518041
Erode,SVR,poly,0.00753763,0.086585054,0.069805335,0.062491685,0.724784348,0.710657051
Erode,SVR,rbf,0.005183777,0.071675472,0.053237695,0.042164908,0.811022889,0.80132323
Erode,SVR,sigmoid,0.009613142,0.082955509,0.059833144,0.043090705,0.644352359,0.634344575
Kancheepuram,SVR,linear,0.004825739,0.068908036,0.050780678,0.041780083,0.823676878,0.820783902
Kancheepuram,SVR,poly,0.011120206,0.10409534,0.071956546,0.054929041,0.604911826,0.598646458
Kancheepuram,SVR,rbf,0.004090363,0.063462267,0.045518141,0.035061319,0.850320699,0.847336062
Kancheepuram,SVR,sigmoid,0.291314394,0.537420429,0.376232768,0.259399651,-9.882653103,-10.34922297
Karur,SVR,linear,0.011632626,0.107468159,0.079738525,0.058817543,0.695825282,0.691917219
Karur,SVR,poly,0.016749848,0.128796135,0.099844907,0.085486459,0.564453495,0.560041786
Karur,SVR,rbf,0.011634591,0.107469536,0.08029859,0.060910429,0.696674537,0.692103738
Karur,SVR,sigmoid,0.146724781,0.382065314,0.291613342,0.226775693,-2.758162894,-2.928729411
Madurai,SVR,linear,0.007709304,0.086976406,0.064371745,0.05273467,0.624980647,0.6012079
Madurai,SVR,poly,0.010647573,0.102609866,0.080307211,0.074323069,0.467369642,0.446727617
Madurai,SVR,rbf,0.008055282,0.088986279,0.067173793,0.056919118,0.612553113,0.582957417
Madurai,SVR,sigmoid,0.02459717,0.139755868,0.10496001,0.084549862,-0.26585072,-0.304603674
Nagapattinam,SVR,linear,0.004711519,0.068230769,0.048730418,0.034491865,0.805988609,0.804019976
Nagapattinam,SVR,poly,0.010077849,0.099378694,0.069417662,0.056208314,0.594915977,0.590314487
Nagapattinam,SVR,rbf,0.004013102,0.062943261,0.044919731,0.033526278,0.837944863,0.833280879
Nagapattinam,SVR,sigmoid,0.328347047,0.571596936,0.421445462,0.323479595,-12.45504652,-13.08705931
Namakkal,SVR,linear,0.008498683,0.091856242,0.06880977,0.050119101,0.769601222,0.767218178
Namakkal,SVR,poly,0.013112044,0.113993981,0.087907051,0.077159607,0.647517548,0.642701791
Namakkal,SVR,rbf,0.008353594,0.091058069,0.068514107,0.04995076,0.774649547,0.771467618
Namakkal,SVR,sigmoid,0.205739546,0.452697771,0.340615699,0.250901305,-4.443861017,-4.731237761
Perambalur,SVR,linear,0.004983589,0.070163457,0.051026403,0.037275603,0.788913611,0.786824396
Perambalur,SVR,poly,0.007879045,0.088272186,0.066755384,0.057095152,0.67180892,0.663659663
Perambalur,SVR,rbf,0.005075446,0.070786158,0.051385026,0.039646333,0.791955835,0.783437425
Perambalur,SVR,sigmoid,0.21042622,0.435958628,0.330076259,0.255522075,-8.118138156,-8.336014894
Pudukkottai,SVR,linear,0.004693459,0.068095611,0.048342683,0.035102903,0.809897521,0.807445994
Pudukkottai,SVR,poly,0.008504602,0.091613929,0.068123318,0.056868488,0.667736723,0.653842142
Pudukkottai,SVR,rbf,0.004582883,0.067344132,0.049390559,0.037683353,0.820020663,0.811607431
Pudukkottai,SVR,sigmoid,0.124367983,0.351822539,0.2674784,0.207163617,-4.065056047,-4.208744325
Ramanathapuram,SVR,linear,0.006209468,0.078371547,0.05572162,0.04078083,0.759211646,0.756478894
Ramanathapuram,SVR,poly,0.009800187,0.098404478,0.075401446,0.065022742,0.633250974,0.620284355
Ramanathapuram,SVR,rbf,0.006293338,0.07890654,0.058023325,0.045050284,0.762306069,0.753740684
Ramanathapuram,SVR,sigmoid,0.032432251,0.156049016,0.113965106,0.082445563,-0.221803203,-0.259153167
Salem,SVR,linear,0.007913655,0.088617442,0.06504818,0.045735184,0.777439566,0.775937012
Salem,SVR,poly,0.012005839,0.109094447,0.083280398,0.071672228,0.666115601,0.661141488
Salem,SVR,rbf,0.007636324,0.08703614,0.063905726,0.046078017,0.787149878,0.783995644
Salem,SVR,sigmoid,0.290760518,0.530759563,0.394688279,0.28332266,-6.919371973,-7.373390265
Sivaganga,SVR,linear,0.005326177,0.072553309,0.051965752,0.036976559,0.787327292,0.783246343
Sivaganga,SVR,poly,0.008738925,0.092996238,0.071953521,0.06336827,0.660974388,0.647140105
Sivaganga,SVR,rbf,0.005522605,0.073954193,0.055441572,0.043708901,0.786027591,0.775078934
Sivaganga,SVR,sigmoid,0.006575081,0.078122993,0.057383123,0.043700645,0.738689163,0.730362406
Thanjavur,SVR,linear,0.005215056,0.071727891,0.050714267,0.036201692,0.784776994,0.780972382
Thanjavur,SVR,poly,0.009140646,0.094843375,0.06892498,0.055195377,0.627009101,0.619321604
Thanjavur,SVR,rbf,0.005127376,0.071152252,0.051661732,0.040496173,0.792082441,0.784253986
Thanjavur,SVR,sigmoid,0.167523579,0.40829605,0.308833002,0.233792395,-6.09581643,-6.253540465
Theni,SVR,linear,0.006130741,0.077347169,0.057935651,0.050616778,0.714948294,0.678838873
Theni,SVR,poly,0.007950006,0.088472819,0.06993371,0.066042094,0.621362372,0.579294936
Theni,SVR,rbf,0.006437648,0.079334858,0.060355376,0.054467249,0.704279889,0.662415266
Theni,SVR,sigmoid,0.007473689,0.081778264,0.057516938,0.044653283,0.620159887,0.605312453
The Nilgiris,SVR,linear,0.003270981,0.056009692,0.036193833,0.02616748,0.805653751,0.802533895
The Nilgiris,SVR,poly,0.005816053,0.075558337,0.060045575,0.060006191,0.741379438,0.638728205
The Nilgiris,SVR,rbf,0.003542796,0.058263602,0.038066972,0.029336497,0.791237612,0.78682498
The Nilgiris,SVR,sigmoid,0.004613642,0.066909173,0.048448092,0.041912778,0.723207533,0.718636359
Thiruvallur,SVR,linear,0.005398745,0.073076756,0.054240169,0.045971057,0.802253358,0.797420307
Thiruvallur,SVR,poly,0.011571347,0.106513707,0.074018778,0.058647183,0.580387134,0.575339405
Thiruvallur,SVR,rbf,0.00435011,0.065596679,0.047415504,0.038111641,0.838827912,0.836661228
Thiruvallur,SVR,sigmoid,0.268872978,0.516506857,0.367576311,0.256932459,-9.064419439,-9.374058948
Thiruvarur,SVR,linear,0.006065885,0.077390029,0.054691819,0.038065027,0.743327358,0.741193357
Thiruvarur,SVR,poly,0.010226437,0.100136839,0.07169019,0.057451868,0.581433454,0.571800402
Thiruvarur,SVR,rbf,0.005630163,0.07459889,0.054586757,0.041316894,0.769559407,0.758731644
Thiruvarur,SVR,sigmoid,0.193141787,0.438529031,0.331653035,0.252018472,-7.317884552,-7.540218373
Thoothukkudi,SVR,linear,0.008187072,0.089994165,0.065685785,0.049077865,0.678859882,0.673158234
Thoothukkudi,SVR,poly,0.012403105,0.110919357,0.084712138,0.071606331,0.512543784,0.507203286
Thoothukkudi,SVR,rbf,0.008241295,0.090322691,0.067662923,0.053141103,0.68234885,0.6713185
Thoothukkudi,SVR,sigmoid,0.034275593,0.184465516,0.140285126,0.115028863,-0.370088919,-0.387018667
Tiruchirapalli,SVR,linear,0.006065208,0.077640975,0.058127558,0.044362287,0.767495132,0.762695513
Tiruchirapalli,SVR,poly,0.009519816,0.097206041,0.076320598,0.067251617,0.637241053,0.629880262
Tiruchirapalli,SVR,rbf,0.006192646,0.078458014,0.059947667,0.048776567,0.768711542,0.75782526
Tiruchirapalli,SVR,sigmoid,0.180257817,0.41940674,0.317656138,0.249687714,-5.852574524,-6.169017758
Tirunelveli,SVR,linear,0.008533493,0.09171936,0.064847653,0.04699263,0.671922258,0.664371684
Tirunelveli,SVR,poly,0.011845614,0.108297435,0.082846836,0.071183265,0.5411131,0.533662839
Tirunelveli,SVR,rbf,0.008501596,0.091557311,0.065569971,0.048691077,0.674994892,0.666260151
Tirunelveli,SVR,sigmoid,0.036126086,0.189409905,0.146190761,0.122916364,-0.43061999,-0.449085851
Tiruvannamalai,SVR,linear,0.0064246,0.07968081,0.058414787,0.045561973,0.810376904,0.807254588
Tiruvannamalai,SVR,poly,0.012141607,0.109331295,0.078181568,0.064912748,0.642708693,0.638544066
Tiruvannamalai,SVR,rbf,0.005456431,0.073395923,0.05231185,0.037920182,0.838077128,0.836429145
Tiruvannamalai,SVR,sigmoid,0.317563689,0.562226961,0.413624981,0.307199385,-8.581786815,-8.769676844
Vellore,SVR,linear,0.00811209,0.08961312,0.065761557,0.050834176,0.762892011,0.758410543
Vellore,SVR,poly,0.012887426,0.112831859,0.083919836,0.070747937,0.622444364,0.618301797
Vellore,SVR,rbf,0.007349194,0.08529654,0.061146919,0.044891549,0.782698219,0.781254286
Vellore,SVR,sigmoid,0.355876644,0.595485348,0.442913391,0.336017288,-9.672797823,-9.871282838
Viluppuram,SVR,linear,0.003605457,0.059856697,0.046310397,0.037798601,0.887474502,0.885943362
Viluppuram,SVR,poly,0.009308977,0.095862361,0.067970376,0.054114005,0.713217711,0.709431894
Viluppuram,SVR,rbf,0.002777737,0.05242565,0.038323559,0.029075414,0.913489363,0.912482276
Viluppuram,SVR,sigmoid,0.279822607,0.527738998,0.386666151,0.278733774,-7.776489726,-7.983264383
Virudhunagar,SVR,linear,0.009439898,0.096419444,0.071279683,0.057516352,0.631731895,0.615849775
Virudhunagar,SVR,poly,0.013572722,0.11594047,0.089095897,0.07794015,0.455163988,0.447361624
Virudhunagar,SVR,rbf,0.009768768,0.098103723,0.073778446,0.061634466,0.623693802,0.603181984
Virudhunagar,SVR,sigmoid,0.033606937,0.178189114,0.133411821,0.105361679,-0.382247414,-0.406818197
